evidence_level,source_kind,competition_name,category,division,gender,matchday,date,time,status_public,matchId,matchSheetId,tournamentId,multidivisionId,homeTeamId,homeName,homeGoals,awayTeamId,awayName,awayGoals,playingField,sheet_reference,id_status,notes
confirmed_public_and_repo,official_sheet_and_repo,Torneo Metropolitano Apertura,Mayores,LHC Hipotecario Seguros,Caballeros,1,2026-03-21,20:15:00,finalized,,,,,,Argentinos Juniors,20,,Ferro Carril Oeste,27,,https://djfhz848yeeat.cloudfront.net/pdf_planillas/5/c/e/5ce377051ea0acb1.pdf,needs_guest_runtime,"Control histórico verificado; los IDs API se dejan vacíos hasta observar respuesta guest 1.1.3."
confirmed_public,ferro_archive,Metro Apertura,Mayores,Liga de Honor Oro Caballeros,Caballeros,3,2026-04-11,,finalized,,,,,,Ferro,22,,Vélez,21,,,needs_guest_runtime,"Resultado y jornada publicados; sin IDs API observados."
confirmed_public,ferro_archive,Metro Apertura,Mayores,Liga de Honor Oro Caballeros,Caballeros,,2026-04-18,,finalized,,,,,,Ferrocarril Mitre,26,,Ferro,31,,,needs_guest_runtime,"Resultado publicado; jornada no copiada sin fuente explícita."
confirmed_public,ferro_archive,Metro Apertura,Mayores,Liga de Honor Oro Caballeros,Caballeros,5,2026-04-23,,finalized,,,,,,Ferro,28,,San Fernando,25,,,needs_guest_runtime,"Resultado y jornada publicados; sin IDs API observados."
confirmed_public,ferro_archive,Metro Apertura,Mayores,Liga de Honor Oro Caballeros,Caballeros,6,2026-04-30,,finalized,,,,,,River Plate,20,,Ferro,20,,,needs_guest_runtime,"Resultado y jornada publicados; sin IDs API observados."
confirmed_public,ferro_archive,Metro Apertura,Mayores,Liga de Honor Oro Caballeros,Caballeros,7,2026-05-09,,finalized,,,,,,Ferro,27,,Manuel Dorrego,27,,,needs_guest_runtime,"Resultado y jornada publicados; sin IDs API observados."
confirmed_public,ferro_archive,Metro Apertura,Mayores,Liga de Honor Oro Caballeros,Caballeros,9,2026-05-23,,finalized,,,,,,Ferro,23,,SEDALO,22,,,needs_guest_runtime,"Resultado y jornada publicados; sin IDs API observados."
confirmed_public,ferro_archive,Metro Apertura,Mayores,Liga de Honor Oro Caballeros,Caballeros,10,2026-05-30,,finalized,,,,,,SAG Polvorines,22,,Ferro,26,,,needs_guest_runtime,"Resultado y jornada publicados; sin IDs API observados."
confirmed_public,ferro_archive,Metro Apertura,Mayores,Liga de Honor Oro Caballeros,Caballeros,11,2026-06-05,,finalized,,,,,,Ferro,24,,N. S. de Luján,21,,,needs_guest_runtime,"Resultado y jornada publicados; sin IDs API observados."
